{"cameraMode":{"drawMode":0,"name":"Shaded","section":"Shading Mode"},"sceneLighting":false,"audioPlay":false,"sceneViewState":{"showFog":true,"showMaterialUpdate":false,"showSkybox":false,"showFlares":true,"showImageEffects":true,"showParticleSystems":true},"in2DMode":false,"pivot":{"x":-4.259810447692871,"y":1.2755404710769654,"z":-3.3010404109954836},"rotation":{"x":-0.32535281777381899,"y":-0.28395354747772219,"z":0.10317611694335938,"w":-0.8960646986961365},"size":1.1558449268341065,"orthographic":false}